id,unstable_prob,stable_prob
TEST_0001,0.0002210769889566115,0.9997789230110434
TEST_0002,0.9997576593355685,0.00024234066443151736
TEST_0003,0.9997790015612814,0.00022099843871858926
TEST_0004,0.9997692192459146,0.00023078075408544674
TEST_0005,0.0006910954588457486,0.9993089045411543
TEST_0006,0.9997804611897428,0.00021953881025715827
TEST_0007,0.00023522023319101493,0.999764779766809
TEST_0008,0.9991053340984075,0.000894665901592484
TEST_0009,0.9997694373889198,0.00023056261108023168
TEST_0010,0.0001796141432036042,0.9998203858567964
TEST_0011,0.9998154515888069,0.00018454841119308618
TEST_0012,0.0005654647630589748,0.999434535236941
TEST_0013,0.9997645848020802,0.00023541519791980825
TEST_0014,0.9996578541135785,0.00034214588642145216
TEST_0015,0.9998259524097408,0.00017404759025918537
TEST_0016,0.9997881191627194,0.00021188083728063134
TEST_0017,0.0006425570319169233,0.999357442968083
TEST_0018,0.9997930018420476,0.0002069981579524427
TEST_0019,0.9997768463699789,0.00022315363002112232
TEST_0020,0.00020731698684163722,0.9997926830131584
TEST_0021,0.9998185699647275,0.00018143003527248958
TEST_0022,0.0003193003119114238,0.9996806996880886
TEST_0023,0.00040544163744594806,0.9995945583625541
TEST_0024,0.9997443132078858,0.00025568679211418477
TEST_0025,0.0004440633975555202,0.9995559366024445
TEST_0026,0.0005082143845280979,0.9994917856154719
TEST_0027,0.00025781399569858935,0.9997421860043014
TEST_0028,0.999762317373093,0.00023768262690704312
TEST_0029,0.9993818332078975,0.0006181667921024703
TEST_0030,0.9998199390645887,0.00018006093541134138
TEST_0031,0.0003077084694154348,0.9996922915305846
TEST_0032,0.0005098858100396941,0.9994901141899603
TEST_0033,0.0005373694479700676,0.9994626305520299
TEST_0034,0.9998009538219043,0.00019904617809574088
TEST_0035,0.0002635512183544477,0.9997364487816456
TEST_0036,0.00033738161942808477,0.9996626183805719
TEST_0037,0.9996514175278239,0.0003485824721760622
TEST_0038,0.9996456160359738,0.00035438396402620587
TEST_0039,0.9993574912953662,0.0006425087046337818
TEST_0040,0.0009065408136747063,0.9990934591863253
TEST_0041,0.0005214614885207108,0.9994785385114793
TEST_0042,0.0002636140705089061,0.9997363859294911
TEST_0043,0.0019264836601836947,0.9980735163398163
TEST_0044,0.9998215303527769,0.00017846964722312286
TEST_0045,0.0004706417553647456,0.9995293582446353
TEST_0046,0.00030211560263944214,0.9996978843973605
TEST_0047,0.9998078514844712,0.00019214851552884493
TEST_0048,0.0004820071983219042,0.9995179928016781
TEST_0049,0.0003694131761431124,0.9996305868238569
TEST_0050,0.9996472685618325,0.0003527314381674973
TEST_0051,0.9998035282145374,0.00019647178546255972
TEST_0052,0.999816952231028,0.00018304776897204444
TEST_0053,0.00031642238774729755,0.9996835776122527
TEST_0054,0.9997871640808806,0.0002128359191193585
TEST_0055,0.00018104367301463703,0.9998189563269854
TEST_0056,0.0005026830673425557,0.9994973169326574
TEST_0057,0.999779941347933,0.00022005865206697894
TEST_0058,0.00034732657832999274,0.99965267342167
TEST_0059,0.00037127494701063744,0.9996287250529894
TEST_0060,0.9998075099032597,0.00019249009674027207
TEST_0061,0.0005109880320241395,0.9994890119679759
TEST_0062,0.0003665173182150047,0.999633482681785
TEST_0063,0.999761415677167,0.0002385843228329687
TEST_0064,0.0004038379621449197,0.9995961620378551
TEST_0065,0.9998068709756132,0.00019312902438684
TEST_0066,0.9992682269850524,0.0007317730149476454
TEST_0067,0.9997885450791894,0.00021145492081064976
TEST_0068,0.999808872195967,0.00019112780403296448
TEST_0069,0.00030922311041638964,0.9996907768895836
TEST_0070,0.9992140057339047,0.000785994266095269
TEST_0071,0.00037070452144887726,0.9996292954785512
TEST_0072,0.9997588177464752,0.0002411822535247632
TEST_0073,0.9991458654076361,0.0008541345923639421
TEST_0074,0.9996983129577796,0.0003016870422204443
TEST_0075,0.00017739588344348832,0.9998226041165565
TEST_0076,0.0012410854273994774,0.9987589145726006
TEST_0077,0.9998128561502622,0.00018714384973783638
TEST_0078,0.00041842995911343646,0.9995815700408865
TEST_0079,0.9997588465986872,0.00024115340131281027
TEST_0080,0.0002043210574158657,0.9997956789425841
TEST_0081,0.9998365150960845,0.00016348490391548953
TEST_0082,0.0008293480911163289,0.9991706519088837
TEST_0083,0.00021278529660231427,0.9997872147033977
TEST_0084,0.0003942766439087508,0.9996057233560912
TEST_0085,0.0005308460571955822,0.9994691539428044
TEST_0086,0.9997807991580557,0.00021920084194426703
TEST_0087,0.999681586380856,0.0003184136191439757
TEST_0088,0.9998035515355435,0.00019644846445654451
TEST_0089,0.9993467610421589,0.0006532389578410847
TEST_0090,0.0008485721369883918,0.9991514278630116
TEST_0091,0.00033986587810717976,0.9996601341218928
TEST_0092,0.00038273928109399546,0.999617260718906
TEST_0093,0.9997711501556994,0.00022884984430060484
TEST_0094,0.000349139478229536,0.9996508605217704
TEST_0095,0.9995134952726982,0.0004865047273018286
TEST_0096,0.0007706385259680539,0.999229361474032
TEST_0097,0.999500133543294,0.0004998664567059663
TEST_0098,0.00023629434819402134,0.999763705651806
TEST_0099,0.0002233383921334933,0.9997766616078665
TEST_0100,0.9997835379907728,0.00021646200922720293
TEST_0101,0.9997426736672499,0.0002573263327501074
TEST_0102,0.0003226232393565136,0.9996773767606435
TEST_0103,0.9998170174439521,0.0001829825560478726
TEST_0104,0.0004246150349541233,0.9995753849650458
TEST_0105,0.9997890946262022,0.00021090537379775398
TEST_0106,0.0005674236727567736,0.9994325763272432
TEST_0107,0.9997921306116311,0.00020786938836891977
TEST_0108,0.9997837363790388,0.0002162636209611657
TEST_0109,0.000205217533555976,0.999794782466444
TEST_0110,0.9996080024672019,0.0003919975327980607
TEST_0111,0.9997744838487977,0.0002255161512022541
TEST_0112,0.9997756551609099,0.00022434483909006264
TEST_0113,0.999530738319377,0.000469261680623001
TEST_0114,0.9996143968932554,0.0003856031067446253
TEST_0115,0.00031070896823010675,0.9996892910317698
TEST_0116,0.000566418742573775,0.9994335812574262
TEST_0117,0.0002213122085828636,0.9997786877914171
TEST_0118,0.9990552043753961,0.0009447956246039224
TEST_0119,0.999806550501476,0.00019344949852395654
TEST_0120,0.00033842145583926617,0.9996615785441607
TEST_0121,0.9997502641148509,0.00024973588514909384
TEST_0122,0.0002953115957111386,0.9997046884042888
TEST_0123,0.9997870633525656,0.0002129366474343808
TEST_0124,0.0002901501951171871,0.9997098498048829
TEST_0125,0.00031879050785069504,0.9996812094921493
TEST_0126,0.9971026386558907,0.0028973613441093393
TEST_0127,0.9997765824213015,0.00022341757869848156
TEST_0128,0.0006401948775075303,0.9993598051224925
TEST_0129,0.9997815758775137,0.00021842412248629373
TEST_0130,0.9998011186181619,0.00019888138183810078
TEST_0131,0.9998104488954448,0.00018955110455520785
TEST_0132,0.9998263226715859,0.00017367732841411243
TEST_0133,0.00048166508861678507,0.9995183349113832
TEST_0134,0.999701579580918,0.0002984204190820128
TEST_0135,0.9997970284402649,0.00020297155973514336
TEST_0136,0.0005015841806551371,0.9994984158193448
TEST_0137,0.00024082543811171782,0.9997591745618882
TEST_0138,0.0004500928114547181,0.9995499071885453
TEST_0139,0.0005590779019586732,0.9994409220980414
TEST_0140,0.0007429146300232978,0.9992570853699767
TEST_0141,0.0007408740916554524,0.9992591259083445
TEST_0142,0.00024386552064136933,0.9997561344793586
TEST_0143,0.9992374544258587,0.0007625455741413489
TEST_0144,0.00031379412250635635,0.9996862058774937
TEST_0145,0.9997689456860952,0.00023105431390479936
TEST_0146,0.9995396464151688,0.0004603535848312079
TEST_0147,0.9998086681006593,0.0001913318993407298
TEST_0148,0.0020352115910891606,0.9979647884089108
TEST_0149,0.999731092798467,0.0002689072015330529
TEST_0150,0.0002557477648413546,0.9997442522351586
TEST_0151,0.00028190873162096063,0.9997180912683791
TEST_0152,0.0002453707333797612,0.9997546292666203
TEST_0153,0.999823504682506,0.0001764953174939743
TEST_0154,0.0005958718303886166,0.9994041281696114
TEST_0155,0.9998008125105828,0.00019918748941716302
TEST_0156,0.0030666901481797406,0.9969333098518203
TEST_0157,0.0002808433618941547,0.9997191566381058
TEST_0158,0.9998241093122837,0.0001758906877162847
TEST_0159,0.00032984160941242725,0.9996701583905876
TEST_0160,0.9996689850698037,0.0003310149301962717
TEST_0161,0.9990744200821445,0.000925579917855468
TEST_0162,0.9998216991293517,0.0001783008706482958
TEST_0163,0.9998224151175844,0.00017758488241559345
TEST_0164,0.9998270204436572,0.00017297955634276718
TEST_0165,0.9997885950343359,0.00021140496566407485
TEST_0166,0.9997803314153118,0.00021966858468824846
TEST_0167,0.0004053103283184163,0.9995946896716816
TEST_0168,0.9997783467315737,0.00022165326842626953
TEST_0169,0.0002661845074278444,0.9997338154925721
TEST_0170,0.0002965196319553676,0.9997034803680447
TEST_0171,0.0010095104930389117,0.9989904895069611
TEST_0172,0.999781083952413,0.00021891604758694783
TEST_0173,0.0016874141037535248,0.9983125858962465
TEST_0174,0.999758232221714,0.00024176777828599505
TEST_0175,0.00045319251084327734,0.9995468074891567
TEST_0176,0.44283667702276835,0.5571633229772317
TEST_0177,0.00036906312530381397,0.9996309368746962
TEST_0178,0.00025258915699533666,0.9997474108430047
TEST_0179,0.999564367707782,0.00043563229221799116
TEST_0180,0.999788620376423,0.00021137962357697937
TEST_0181,0.9998268972848141,0.00017310271518589104
TEST_0182,0.9997805655298911,0.00021943447010885908
TEST_0183,0.00035156506281933234,0.9996484349371807
TEST_0184,0.9995508109372541,0.00044918906274593606
TEST_0185,0.9998112545319016,0.00018874546809843906
TEST_0186,0.000526195393884891,0.9994738046061151
TEST_0187,0.0004202662175178385,0.9995797337824822
TEST_0188,0.0002728986868500092,0.99972710131315
TEST_0189,0.9998004347113828,0.00019956528861719836
TEST_0190,0.9994788768830924,0.0005211231169075514
TEST_0191,0.9998144440607297,0.00018555593927027658
TEST_0192,0.9998155387725355,0.00018446122746451632
TEST_0193,0.9998085323873646,0.0001914676126354431
TEST_0194,0.0010882628920827137,0.9989117371079173
TEST_0195,0.00020807902838997072,0.9997919209716101
TEST_0196,0.00028726326946581853,0.9997127367305342
TEST_0197,0.0003798065045475926,0.9996201934954524
TEST_0198,0.0005107159993926632,0.9994892840006073
TEST_0199,0.99981483886031,0.00018516113969002657
TEST_0200,0.17323720588386285,0.8267627941161372
TEST_0201,0.00029907430138209417,0.9997009256986179
TEST_0202,0.9998093462703674,0.00019065372963256166
TEST_0203,0.9997846557583528,0.00021534424164715293
TEST_0204,0.9998222469503512,0.0001777530496488433
TEST_0205,0.9996510049172247,0.0003489950827753052
TEST_0206,0.9996364627928997,0.0003635372071002507
TEST_0207,0.000377498936634008,0.999622501063366
TEST_0208,0.9998208955313168,0.00017910446868318886
TEST_0209,0.9998016827702657,0.00019831722973429056
TEST_0210,0.9996676505493142,0.00033234945068583155
TEST_0211,0.00026792248177063784,0.9997320775182293
TEST_0212,0.0005201065571745851,0.9994798934428254
TEST_0213,0.9997579026883249,0.00024209731167512683
TEST_0214,0.9995154482377681,0.00048455176223194396
TEST_0215,0.9997162839587247,0.0002837160412753059
TEST_0216,0.0004898552861050646,0.999510144713895
TEST_0217,0.9997820665924809,0.00021793340751907753
TEST_0218,0.0006357800008517691,0.9993642199991483
TEST_0219,0.9997768466614084,0.00022315333859157516
TEST_0220,0.9996279334958839,0.00037206650411614195
TEST_0221,0.0002690661127559331,0.9997309338872441
TEST_0222,0.9997306949419266,0.0002693050580734324
TEST_0223,0.9997998435657465,0.00020015643425352891
TEST_0224,0.00023198590324303994,0.999768014096757
TEST_0225,0.9997776374285051,0.00022236257149488292
TEST_0226,0.00026744722817460045,0.9997325527718254
TEST_0227,0.9997998196261737,0.0002001803738262975
TEST_0228,0.0003254606999275924,0.9996745393000724
TEST_0229,0.9997855205187315,0.00021447948126851468
TEST_0230,0.9998250021336612,0.00017499786633878855
TEST_0231,0.00021990254520749667,0.9997800974547925
TEST_0232,0.9997198208679254,0.000280179132074565
TEST_0233,0.9993758455481762,0.000624154451823844
TEST_0234,0.9997601982197859,0.00023980178021409948
TEST_0235,0.0006865936199435588,0.9993134063800564
TEST_0236,0.000773217863969938,0.9992267821360301
TEST_0237,0.0003276443412637581,0.9996723556587362
TEST_0238,0.9994881955826092,0.0005118044173908487
TEST_0239,0.0002816752336816364,0.9997183247663184
TEST_0240,0.0006772771717724003,0.9993227228282276
TEST_0241,0.000244327450086647,0.9997556725499134
TEST_0242,0.0006521954723813726,0.9993478045276186
TEST_0243,0.9998101345043433,0.00018986549565669364
TEST_0244,0.9997286634052437,0.00027133659475631067
TEST_0245,0.0002984204338141458,0.9997015795661859
TEST_0246,0.0003138681978081117,0.9996861318021919
TEST_0247,0.000269991083625762,0.9997300089163742
TEST_0248,0.00035964347362969643,0.9996403565263703
TEST_0249,0.001501853128861874,0.9984981468711381
TEST_0250,0.0004025496812914639,0.9995974503187085
TEST_0251,0.00037879658600703373,0.999621203413993
TEST_0252,0.9993916636611012,0.000608336338898785
TEST_0253,0.9997719746242169,0.0002280253757831474
TEST_0254,0.9994836644031764,0.000516335596823625
TEST_0255,0.0004297957905227458,0.9995702042094773
TEST_0256,0.00045107872049728184,0.9995489212795027
TEST_0257,0.0004500929839057569,0.9995499070160943
TEST_0258,0.9998026890358397,0.00019731096416031324
TEST_0259,0.9998275925096808,0.0001724074903192152
TEST_0260,0.0017939017669418838,0.9982060982330582
TEST_0261,0.9997906240990976,0.00020937590090241986
TEST_0262,0.0002860083927339254,0.999713991607266
TEST_0263,0.0004383469160410581,0.999561653083959
TEST_0264,0.0002495879444363089,0.9997504120555637
TEST_0265,0.0013762713968172597,0.9986237286031827
TEST_0266,0.9995896835440855,0.0004103164559144945
TEST_0267,0.999667650499264,0.00033234950073601777
TEST_0268,0.00020307959093466836,0.9997969204090653
TEST_0269,0.9998194909022889,0.00018050909771105683
TEST_0270,0.0006053206267342829,0.9993946793732658
TEST_0271,0.9997746706123903,0.00022532938760966292
TEST_0272,0.00026686235820572174,0.9997331376417943
TEST_0273,0.9997892694018413,0.00021073059815868156
TEST_0274,0.0003429464951844721,0.9996570535048155
TEST_0275,0.9998140044000697,0.00018599559993026649
TEST_0276,0.0002715294093920356,0.999728470590608
TEST_0277,0.0013357701135107895,0.9986642298864892
TEST_0278,0.9997145832929609,0.00028541670703907673
TEST_0279,0.00028716113960199655,0.999712838860398
TEST_0280,0.9997780844510082,0.00022191554899175792
TEST_0281,0.9997875921960522,0.00021240780394782277
TEST_0282,0.9998193197050161,0.0001806802949838593
TEST_0283,0.0003441964488249547,0.999655803551175
TEST_0284,0.00023980193118352936,0.9997601980688164
TEST_0285,0.000798686469019029,0.999201313530981
TEST_0286,0.9998204071580542,0.00017959284194579705
TEST_0287,0.00037841592465199717,0.999621584075348
TEST_0288,0.0003634508386699619,0.99963654916133
TEST_0289,0.00030832789332594637,0.9996916721066741
TEST_0290,0.9997554119541504,0.00024458804584959193
TEST_0291,0.9997729442105632,0.00022705578943682525
TEST_0292,0.9991756894097528,0.0008243105902472347
TEST_0293,0.0002884556824781449,0.9997115443175218
TEST_0294,0.0007055298090689295,0.9992944701909311
TEST_0295,0.0003722867333155574,0.9996277132666844
TEST_0296,0.00019784848217782445,0.9998021515178221
TEST_0297,0.9996759225547532,0.0003240774452467621
TEST_0298,0.0003743187114528655,0.9996256812885471
TEST_0299,0.00041483208057793106,0.9995851679194221
TEST_0300,0.000274956622829644,0.9997250433771704
TEST_0301,0.9997954853011866,0.00020451469881344053
TEST_0302,0.0023695450157132443,0.9976304549842867
TEST_0303,0.0004312474699479361,0.9995687525300521
TEST_0304,0.000280204089522807,0.9997197959104772
TEST_0305,0.9997948796389056,0.0002051203610944352
TEST_0306,0.9998149704329612,0.00018502956703880802
TEST_0307,0.0005258606838299992,0.99947413931617
TEST_0308,0.9996695940901977,0.00033040590980226714
TEST_0309,0.9993803328090971,0.000619667190902895
TEST_0310,0.9993864236161105,0.0006135763838894803
TEST_0311,0.999584603396278,0.00041539660372202913
TEST_0312,0.9998061612726786,0.00019383872732137153
TEST_0313,0.9997941257321543,0.00020587426784568486
TEST_0314,0.9998194908463359,0.00018050915366407683
TEST_0315,0.0002615319939789733,0.9997384680060211
TEST_0316,0.00045244236115824296,0.9995475576388417
TEST_0317,0.00033664402445863047,0.9996633559755413
TEST_0318,0.06807847171583664,0.9319215282841633
TEST_0319,0.9997971248748456,0.0002028751251543781
TEST_0320,0.0006058054760106223,0.9993941945239894
TEST_0321,0.00031807439335276687,0.9996819256066473
TEST_0322,0.003813737639687448,0.9961862623603126
TEST_0323,0.00022254678170609082,0.9997774532182939
TEST_0324,0.000336782821746682,0.9996632171782533
TEST_0325,0.9998326783272864,0.0001673216727136051
TEST_0326,0.0004315281558778461,0.9995684718441221
TEST_0327,0.000748162139338648,0.9992518378606614
TEST_0328,0.9998301646087109,0.00016983539128911929
TEST_0329,0.9995419291068135,0.00045807089318650185
TEST_0330,0.0005639444231983723,0.9994360555768016
TEST_0331,0.9997919704118527,0.0002080295881472516
TEST_0332,0.0004061860704418628,0.9995938139295582
TEST_0333,0.9997489014099467,0.00025109859005334467
TEST_0334,0.9998241925937383,0.00017580740626166325
TEST_0335,0.0003168723682459,0.9996831276317542
TEST_0336,0.00030179373058741046,0.9996982062694126
TEST_0337,0.9997959811289074,0.00020401887109255945
TEST_0338,0.9997871390915516,0.000212860908448409
TEST_0339,0.9996528787808086,0.00034712121919144856
TEST_0340,0.9998202370578408,0.00017976294215915622
TEST_0341,0.9998036909279484,0.00019630907205159254
TEST_0342,0.000387982900509508,0.9996120170994905
TEST_0343,0.0001716542802139827,0.9998283457197861
TEST_0344,0.0007784477966306523,0.9992215522033694
TEST_0345,0.0004048665950559717,0.999595133404944
TEST_0346,0.0003642477010290642,0.999635752298971
TEST_0347,0.9997906367446511,0.00020936325534892664
TEST_0348,0.9998119903130612,0.00018800968693877262
TEST_0349,0.0007508653585203481,0.9992491346414797
TEST_0350,0.9998097071219565,0.00019029287804350759
TEST_0351,0.0012431573712140829,0.998756842628786
TEST_0352,0.0005147200394724507,0.9994852799605275
TEST_0353,0.9990765241378279,0.0009234758621721184
TEST_0354,0.00034990454120921026,0.9996500954587908
TEST_0355,0.00028913896558008977,0.9997108610344199
TEST_0356,0.00039638163885707777,0.999603618361143
TEST_0357,0.0009661287718234521,0.9990338712281766
TEST_0358,0.0003094061766873294,0.9996905938233127
TEST_0359,0.0003559603641160775,0.9996440396358839
TEST_0360,0.00028234276027342016,0.9997176572397266
TEST_0361,0.00036808237724723875,0.9996319176227527
TEST_0362,0.9997807730087293,0.00021922699127074896
TEST_0363,0.0004026211865995435,0.9995973788134005
TEST_0364,0.0004720601054628033,0.9995279398945371
TEST_0365,0.0005415501260539366,0.999458449873946
TEST_0366,0.00024301543293246103,0.9997569845670675
TEST_0367,0.999640824470163,0.00035917552983699697
TEST_0368,0.0004057300407941384,0.9995942699592059
TEST_0369,0.0005493581932746765,0.9994506418067253
TEST_0370,0.9990609961488737,0.0009390038511263299
TEST_0371,0.00018654673823279038,0.9998134532617672
TEST_0372,0.9998198111725416,0.00018018882745840514
TEST_0373,0.0011745032774869231,0.9988254967225131
TEST_0374,0.0002232723646109146,0.999776727635389
TEST_0375,0.0003800764116161551,0.9996199235883838
TEST_0376,0.9998182261385735,0.00018177386142648189
TEST_0377,0.9997935032423313,0.000206496757668706
TEST_0378,0.0006385321234935334,0.9993614678765065
TEST_0379,0.9997881690418242,0.0002118309581757849
TEST_0380,0.999738437276261,0.00026156272373900613
TEST_0381,0.00035932453221774134,0.9996406754677822
TEST_0382,0.00033559000989105475,0.999664409990109
TEST_0383,0.9998093122636246,0.0001906877363754278
TEST_0384,0.00028505343658570515,0.9997149465634143
TEST_0385,0.0003384610344165335,0.9996615389655835
TEST_0386,0.9998223939358719,0.00017760606412808855
TEST_0387,0.9997311882099509,0.00026881179004911715
TEST_0388,0.0005593921982084111,0.9994406078017916
TEST_0389,0.9997653912074355,0.00023460879256453904
TEST_0390,0.9997944908409196,0.0002055091590803526
TEST_0391,0.0007313181227280105,0.999268681877272
TEST_0392,0.0012179878291991332,0.9987820121708009
TEST_0393,0.9997831469125165,0.00021685308748353727
TEST_0394,0.00035686694507601436,0.999643133054924
TEST_0395,0.9998143781356839,0.00018562186431614336
TEST_0396,0.029509361616621647,0.9704906383833783
TEST_0397,0.00036094370378327636,0.9996390562962167
TEST_0398,0.0005612490578298341,0.9994387509421702
TEST_0399,0.9997753896189195,0.00022461038108045894
TEST_0400,0.9997728095560362,0.0002271904439637984
TEST_0401,0.00036334356916193733,0.9996366564308381
TEST_0402,0.0005075238651141693,0.9994924761348858
TEST_0403,0.9998068938592856,0.00019310614071443855
TEST_0404,0.9998342547688686,0.00016574523113144224
TEST_0405,0.9997799933481063,0.0002200066518937005
TEST_0406,0.9988875707663736,0.0011124292336264219
TEST_0407,0.9995431196545413,0.0004568803454586545
TEST_0408,0.0017683820922110493,0.9982316179077889
TEST_0409,0.000308364298766104,0.9996916357012339
TEST_0410,0.9985739828216919,0.0014260171783081477
TEST_0411,0.999527772062166,0.0004722279378339689
TEST_0412,0.999805885609193,0.00019411439080696535
TEST_0413,0.9989366561387347,0.0010633438612652757
TEST_0414,0.00036699502566481517,0.9996330049743352
TEST_0415,0.999830946434023,0.00016905356597696208
TEST_0416,0.999820746947694,0.00017925305230603872
TEST_0417,0.9997719877085045,0.00022801229149549407
TEST_0418,0.9996292737277134,0.0003707262722866256
TEST_0419,0.9998123238285662,0.00018767617143378157
TEST_0420,0.0001893495538354124,0.9998106504461646
TEST_0421,0.00028763731476953263,0.9997123626852304
TEST_0422,0.9996538022358961,0.0003461977641039393
TEST_0423,0.999825209299623,0.00017479070037695887
TEST_0424,0.9989916815253377,0.0010083184746623175
TEST_0425,0.0005770710412396683,0.9994229289587603
TEST_0426,0.0003446851692410767,0.999655314830759
TEST_0427,0.0003830331374801987,0.9996169668625198
TEST_0428,0.0008941902715443767,0.9991058097284556
TEST_0429,0.9998117452580286,0.00018825474197137204
TEST_0430,0.00045313899747490433,0.9995468610025251
TEST_0431,0.0002569606144687577,0.9997430393855312
TEST_0432,0.00029827926345701644,0.999701720736543
TEST_0433,0.00023937610279864264,0.9997606238972013
TEST_0434,0.00017054056398068215,0.9998294594360193
TEST_0435,0.00027330233838774004,0.9997266976616123
TEST_0436,0.0004886973265253999,0.9995113026734747
TEST_0437,0.0008520665654389702,0.999147933434561
TEST_0438,0.00029983639164385097,0.9997001636083561
TEST_0439,0.9997871388464077,0.00021286115359231417
TEST_0440,0.9998261891231891,0.00017381087681089813
TEST_0441,0.00039269374542520935,0.9996073062545748
TEST_0442,0.999759003459684,0.00024099654031595197
TEST_0443,0.9997851648356919,0.00021483516430809146
TEST_0444,0.9997496130177076,0.0002503869822924054
TEST_0445,0.9997582035665412,0.0002417964334587852
TEST_0446,0.9997242283937985,0.00027577160620151364
TEST_0447,0.000569930623546737,0.9994300693764533
TEST_0448,0.0002509507713463888,0.9997490492286536
TEST_0449,0.9998023155376641,0.00019768446233592307
TEST_0450,0.9995492136385363,0.0004507863614636731
TEST_0451,0.999703305005085,0.0002966949949150255
TEST_0452,0.9997201520292053,0.0002798479707947221
TEST_0453,0.0002629908084217218,0.9997370091915783
TEST_0454,0.0011832832971856917,0.9988167167028144
TEST_0455,0.0007874776195364167,0.9992125223804635
TEST_0456,0.9998065851692535,0.00019341483074653
TEST_0457,0.9997825303197486,0.00021746968025138091
TEST_0458,0.9997758142492182,0.00022418575078175795
TEST_0459,0.00028896774609991183,0.9997110322539001
TEST_0460,0.0006919336996086438,0.9993080663003914
TEST_0461,0.0002665782035356643,0.9997334217964643
TEST_0462,0.00040642626216613503,0.9995935737378339
TEST_0463,0.9997745638842803,0.00022543611571967936
TEST_0464,0.9998081694461122,0.00019183055388782844
TEST_0465,0.0003212518562351321,0.9996787481437649
TEST_0466,0.00060550044090173,0.9993944995590983
TEST_0467,0.0008117332091442011,0.9991882667908558
TEST_0468,0.0002958537691354811,0.9997041462308646
TEST_0469,0.998189728132849,0.001810271867150992
TEST_0470,0.0004720741207171733,0.9995279258792829
TEST_0471,0.00021593118951617407,0.9997840688104839
TEST_0472,0.0010252781038618672,0.9989747218961381
TEST_0473,0.9997947093534245,0.00020529064657548446
TEST_0474,0.0007422119749215503,0.9992577880250785
TEST_0475,0.00018365511014007885,0.9998163448898599
TEST_0476,0.9997816403029217,0.00021835969707828529
TEST_0477,0.9998120347452065,0.00018796525479347626
TEST_0478,0.9997569988045462,0.00024300119545384025
TEST_0479,0.999819426992254,0.00018057300774598772
TEST_0480,0.9996706649742024,0.00032933502579757246
TEST_0481,0.9997666649755816,0.0002333350244183574
TEST_0482,0.0008367120076907974,0.9991632879923092
TEST_0483,0.0007448292099723003,0.9992551707900277
TEST_0484,0.0003498631127410981,0.9996501368872589
TEST_0485,0.9998286096940495,0.00017139030595048066
TEST_0486,0.0018756989850058558,0.9981243010149942
TEST_0487,0.0004326017759552803,0.9995673982240447
TEST_0488,0.0002114550837479811,0.999788544916252
TEST_0489,0.0002847589878770607,0.999715241012123
TEST_0490,0.9997520607082462,0.0002479392917538181
TEST_0491,0.9997738154919392,0.00022618450806077828
TEST_0492,0.9990858695982299,0.0009141304017701302
TEST_0493,0.9997871639583154,0.00021283604168464976
TEST_0494,0.0003936238504206264,0.9996063761495794
TEST_0495,0.0005029214022441256,0.9994970785977558
TEST_0496,0.0002387258122502992,0.9997612741877497
TEST_0497,0.000416971778921634,0.9995830282210784
TEST_0498,0.0055841538470758015,0.9944158461529242
TEST_0499,0.9998138943958964,0.00018610560410359245
TEST_0500,0.9997851904552334,0.0002148095447666032
TEST_0501,0.9995542529113864,0.0004457470886135573
TEST_0502,0.00023855617852341088,0.9997614438214766
TEST_0503,0.00041984316515684587,0.9995801568348431
TEST_0504,0.9998248571054443,0.00017514289455566878
TEST_0505,0.9998069395838056,0.00019306041619437941
TEST_0506,0.9998353694030883,0.0001646305969117412
TEST_0507,0.9997924130371564,0.00020758696284362
TEST_0508,0.0007703199280757815,0.9992296800719243
TEST_0509,0.9997326476572206,0.00026735234277941444
TEST_0510,0.9998150580129432,0.00018494198705676368
TEST_0511,0.0004156668715445206,0.9995843331284555
TEST_0512,0.9995435785278981,0.00045642147210189776
TEST_0513,0.0005076891836920403,0.999492310816308
TEST_0514,0.001175371149952923,0.9988246288500471
TEST_0515,0.00036474367768228854,0.9996352563223178
TEST_0516,0.9997445703519584,0.00025542964804159407
TEST_0517,0.00025995841166666177,0.9997400415883333
TEST_0518,0.0001936324287202797,0.9998063675712797
TEST_0519,0.9969975545142911,0.0030024454857089378
TEST_0520,0.00038512424917299667,0.999614875750827
TEST_0521,0.0003796266933825287,0.9996203733066175
TEST_0522,0.9997210775970122,0.00027892240298776905
TEST_0523,0.9997993099511778,0.0002006900488221719
TEST_0524,0.0006787009865579781,0.999321299013442
TEST_0525,0.0002163148165799766,0.99978368518342
TEST_0526,0.9998002931440938,0.00019970685590620096
TEST_0527,0.9998058397700795,0.00019416022992047033
TEST_0528,0.00037440700795090046,0.9996255929920491
TEST_0529,0.9997871641217358,0.0002128358782641504
TEST_0530,0.0003269662575892607,0.9996730337424108
TEST_0531,0.9997902647140472,0.00020973528595280566
TEST_0532,0.00028874576001703046,0.999711254239983
TEST_0533,0.9998072134256305,0.00019278657436949675
TEST_0534,0.0005115020310786976,0.9994884979689213
TEST_0535,0.9997763446217977,0.0002236553782023476
TEST_0536,0.000370945607230817,0.9996290543927692
TEST_0537,0.00029895048825606793,0.9997010495117439
TEST_0538,0.0002618416996367018,0.9997381583003633
TEST_0539,0.9998260757340762,0.00017392426592377497
TEST_0540,0.0025123988665950313,0.997487601133405
TEST_0541,0.0003325655015152815,0.9996674344984847
TEST_0542,0.0002522309712082474,0.9997477690287917
TEST_0543,0.00020985920059284565,0.9997901407994072
TEST_0544,0.00026416041735661047,0.9997358395826433
TEST_0545,0.0005468292454143251,0.9994531707545857
TEST_0546,0.999664012490304,0.00033598750969598967
TEST_0547,0.00032546083068935966,0.9996745391693106
TEST_0548,0.9996976154742782,0.0003023845257218438
TEST_0549,0.9993951441071742,0.000604855892825773
TEST_0550,0.000465280903605193,0.9995347190963948
TEST_0551,0.0003513570772978245,0.9996486429227022
TEST_0552,0.0002730116264982825,0.9997269883735017
TEST_0553,0.9992227241506217,0.0007772758493782561
TEST_0554,0.00027204411921250113,0.9997279558807874
TEST_0555,0.9997716369622163,0.0002283630377837298
TEST_0556,0.9987040197767955,0.0012959802232045403
TEST_0557,0.00021623795087873462,0.9997837620491212
TEST_0558,0.0005740409990937243,0.9994259590009062
TEST_0559,0.00031513357503535987,0.9996848664249647
TEST_0560,0.00022050214841567282,0.9997794978515844
TEST_0561,0.0006962040162884917,0.9993037959837116
TEST_0562,0.9994034223694168,0.0005965776305831838
TEST_0563,0.9997977721942222,0.00020222780577783261
TEST_0564,0.999795461207311,0.00020453879268900188
TEST_0565,0.00020815265514903295,0.9997918473448509
TEST_0566,0.00032296685359635565,0.9996770331464037
TEST_0567,0.9997029182387293,0.0002970817612707455
TEST_0568,0.0008133669595330533,0.999186633040467
TEST_0569,0.0004347563981914494,0.9995652436018085
TEST_0570,0.9998341962255565,0.00016580377444352923
TEST_0571,0.00026877976614494287,0.9997312202338551
TEST_0572,0.0007678855332891125,0.9992321144667109
TEST_0573,0.9997814723002758,0.0002185276997241914
TEST_0574,0.0003164227303386956,0.9996835772696613
TEST_0575,0.0005465383757321174,0.9994534616242678
TEST_0576,0.99981499210254,0.00018500789746001
TEST_0577,0.0005206444116139385,0.9994793555883861
TEST_0578,0.000493402716078091,0.9995065972839219
TEST_0579,0.0004833497156786946,0.9995166502843214
TEST_0580,0.9998137619768257,0.00018623802317430105
TEST_0581,0.00037556083980580627,0.9996244391601942
TEST_0582,0.0005331592014477392,0.9994668407985523
TEST_0583,0.9998060004611967,0.00019399953880328002
TEST_0584,0.9993677074480801,0.0006322925519198774
TEST_0585,0.999741850697403,0.00025814930259704383
TEST_0586,0.00021060581579217065,0.9997893941842079
TEST_0587,0.9998300436443363,0.00016995635566374734
TEST_0588,0.9998152766070091,0.00018472339299091534
TEST_0589,0.00031221995435452556,0.9996877800456455
TEST_0590,0.00041099634315781337,0.9995890036568422
TEST_0591,0.0002736582226443148,0.9997263417773556
TEST_0592,0.9997472017259876,0.0002527982740123669
TEST_0593,0.9996804543095795,0.0003195456904204752
TEST_0594,0.9998277147794872,0.00017228522051282447
TEST_0595,0.9997931732023165,0.00020682679768346812
TEST_0596,0.0005818697643530439,0.999418130235647
TEST_0597,0.0006150654743494751,0.9993849345256505
TEST_0598,0.9998189773857518,0.0001810226142482385
TEST_0599,0.9997328848204968,0.00026711517950317454
TEST_0600,0.9997513405554131,0.00024865944458685174
TEST_0601,0.0002182949497831463,0.9997817050502169
TEST_0602,0.0008311638901454859,0.9991688361098545
TEST_0603,0.00029997790203505537,0.9997000220979649
TEST_0604,0.00038172161082956717,0.9996182783891704
TEST_0605,0.9996376441697321,0.00036235583026789087
TEST_0606,0.9997832755478163,0.00021672445218368086
TEST_0607,0.0003773654446524997,0.9996226345553475
TEST_0608,0.0005164585681111922,0.9994835414318888
TEST_0609,0.9982432019670433,0.0017567980329566968
TEST_0610,0.9997972207102347,0.00020277928976530912
TEST_0611,0.00035568654378234567,0.9996443134562176
TEST_0612,0.00034075202651724363,0.9996592479734827
TEST_0613,0.9997880438464771,0.00021195615352287422
TEST_0614,0.99982990281842,0.00017009718158000897
TEST_0615,0.9997201186162799,0.0002798813837201486
TEST_0616,0.9998021046143121,0.00019789538568792953
TEST_0617,0.9998108296609117,0.00018917033908827374
TEST_0618,0.9997658905846802,0.00023410941531976093
TEST_0619,0.9994064079185094,0.0005935920814905682
TEST_0620,0.00042726044439651725,0.9995727395556034
TEST_0621,0.9997881190830649,0.00021188091693513655
TEST_0622,0.00018452654222736312,0.9998154734577727
TEST_0623,0.9998324605643664,0.0001675394356336346
TEST_0624,0.00030554946036409966,0.9996944505396359
TEST_0625,0.0004172682961510246,0.9995827317038489
TEST_0626,0.9996815863317744,0.00031841366822560335
TEST_0627,0.0042560758129788845,0.9957439241870211
TEST_0628,0.9995722843117328,0.00042771568826716067
TEST_0629,0.9998041782603206,0.00019582173967935823
TEST_0630,0.9997477692053434,0.0002522307946566382
TEST_0631,0.9994965724873612,0.0005034275126387655
TEST_0632,0.0006577556144015227,0.9993422443855985
TEST_0633,0.0002344143708239555,0.9997655856291761
TEST_0634,0.999775043506881,0.00022495649311904398
TEST_0635,0.9998209378553927,0.0001790621446072782
TEST_0636,0.0002441253118703998,0.9997558746881297
TEST_0637,0.0005807007714997654,0.9994192992285003
TEST_0638,0.9997686996007712,0.00023130039922880652
TEST_0639,0.000500013976982432,0.9994999860230176
TEST_0640,0.9988927884313444,0.001107211568655564
TEST_0641,0.0002157525217912726,0.9997842474782087
TEST_0642,0.0003243073302433221,0.9996756926697566
TEST_0643,0.00030019163500841537,0.9996998083649916
TEST_0644,0.7016204387882735,0.2983795612117265
TEST_0645,0.00021593127176486844,0.9997840687282351
TEST_0646,0.0002888307936230209,0.9997111692063769
TEST_0647,0.9997989176175687,0.00020108238243132792
TEST_0648,0.9998363020972776,0.00016369790272241502
TEST_0649,0.9997860527162017,0.0002139472837983103
TEST_0650,0.9995054136073005,0.0004945863926995031
TEST_0651,0.0003475938878859924,0.999652406112114
TEST_0652,0.99962270192952,0.0003772980704800366
TEST_0653,0.9997914526600633,0.00020854733993669328
TEST_0654,0.9998214668885319,0.00017853311146809325
TEST_0655,0.9997510608332372,0.00024893916676282934
TEST_0656,0.9997760263423442,0.00022397365765580712
TEST_0657,0.9998019874895049,0.0001980125104951158
TEST_0658,0.9998231489951316,0.00017685100486841687
TEST_0659,0.0003206442960327298,0.9996793557039673
TEST_0660,0.9997937843576249,0.00020621564237510714
TEST_0661,0.00034257120271162994,0.9996574287972884
TEST_0662,0.9998195551331093,0.0001804448668907277
TEST_0663,0.9997747505795676,0.00022524942043244955
TEST_0664,0.9996702553710854,0.00032974462891455225
TEST_0665,0.00026210521671805436,0.9997378947832819
TEST_0666,0.00023478933416387328,0.9997652106658361
TEST_0667,0.9997631595492301,0.0002368404507698818
TEST_0668,0.000664303923991739,0.9993356960760083
TEST_0669,0.0005634771829068276,0.9994365228170932
TEST_0670,0.0003306824988489261,0.9996693175011511
TEST_0671,0.9998210434919852,0.00017895650801480478
TEST_0672,0.9998162795917233,0.00018372040827674407
TEST_0673,0.9998130995383335,0.00018690046166647267
TEST_0674,0.999799440565085,0.00020055943491503747
TEST_0675,0.0002614700891612942,0.9997385299108387
TEST_0676,0.00032921788337625585,0.9996707821166237
TEST_0677,0.00025092084826899597,0.9997490791517311
TEST_0678,0.0002649584639166215,0.9997350415360834
TEST_0679,0.9998058395349756,0.00019416046502440665
TEST_0680,0.00043347253661658256,0.9995665274633834
TEST_0681,0.00040171710628968604,0.9995982828937103
TEST_0682,0.0017314235181099709,0.99826857648189
TEST_0683,0.999730582902803,0.0002694170971969667
TEST_0684,0.00041581445967326384,0.9995841855403267
TEST_0685,0.9998341764699101,0.00016582353008987027
TEST_0686,0.0008269047419776543,0.9991730952580223
TEST_0687,0.0007772061844029685,0.999222793815597
TEST_0688,0.9998049185160828,0.00019508148391722546
TEST_0689,0.00021775323455039002,0.9997822467654496
TEST_0690,0.00028845577631838627,0.9997115442236816
TEST_0691,0.9996515827593477,0.00034841724065226565
TEST_0692,0.9997524709793966,0.00024752902060343196
TEST_0693,0.9993761583981386,0.0006238416018613524
TEST_0694,0.9997339100273855,0.0002660899726144583
TEST_0695,0.9997360739482872,0.0002639260517127706
TEST_0696,0.00023658847698294905,0.9997634115230171
TEST_0697,0.9998236508338105,0.00017634916618947116
TEST_0698,0.00038818955080700937,0.999611810449193
TEST_0699,0.0009634964515353867,0.9990365035484646
TEST_0700,0.0003707485566464432,0.9996292514433536
TEST_0701,0.999830806516405,0.0001691934835950093
TEST_0702,0.9998082151484141,0.00019178485158588554
TEST_0703,0.9997284387910458,0.00027156120895421854
TEST_0704,0.9998037839647477,0.0001962160352523279
TEST_0705,0.9995823735185926,0.0004176264814074182
TEST_0706,0.9993208777026258,0.0006791222973742128
TEST_0707,0.00039680415353004664,0.99960319584647
TEST_0708,0.00042421319813621024,0.9995757868018638
TEST_0709,0.9998103589135681,0.00018964108643193534
TEST_0710,0.9996481854894606,0.0003518145105394499
TEST_0711,0.9991075538710696,0.0008924461289303576
TEST_0712,0.9997896057871317,0.0002103942128682812
TEST_0713,0.00045335335693826907,0.9995466466430617
TEST_0714,0.0002916131996550146,0.999708386800345
TEST_0715,0.0002954339530037256,0.9997045660469963
TEST_0716,0.0003801435812444829,0.9996198564187555
TEST_0717,0.0005719229855699476,0.99942807701443
TEST_0718,0.9998491566976468,0.00015084330235315413
TEST_0719,0.9997658628924287,0.00023413710757125283
TEST_0720,0.0002942650168550874,0.999705734983145
TEST_0721,0.9998125013674354,0.00018749863256461996
TEST_0722,0.00035214752589715495,0.9996478524741028
TEST_0723,0.9996953351992768,0.00030466480072322
TEST_0724,0.0019075987173380856,0.998092401282662
TEST_0725,0.00026924175056915406,0.9997307582494308
TEST_0726,0.0003405908585326903,0.9996594091414673
TEST_0727,0.0002881825220307694,0.9997118174779692
TEST_0728,0.00036915073417066914,0.9996308492658293
TEST_0729,0.00023833063146055857,0.9997616693685395
TEST_0730,0.00031901683229492274,0.999680983167705
TEST_0731,0.00030202603039087975,0.9996979739696091
TEST_0732,0.00034554308928308464,0.9996544569107169
TEST_0733,0.9997725543213195,0.00022744567868049348
TEST_0734,0.9998372678641639,0.00016273213583606339
TEST_0735,0.9998291159092314,0.00017088409076859712
TEST_0736,0.9995911620642156,0.00040883793578438965
TEST_0737,0.9998465820082291,0.00015341799177093218
TEST_0738,0.00018001845003014788,0.9998199815499699
TEST_0739,0.9989481738899653,0.001051826110034737
TEST_0740,0.00036448458546776903,0.9996355154145322
TEST_0741,0.9995908475163715,0.0004091524836284943
TEST_0742,0.9997809803092735,0.000219019690726463
TEST_0743,0.9996407180962639,0.00035928190373613056
TEST_0744,0.9997330271536807,0.0002669728463192689
TEST_0745,0.0003358284441312179,0.9996641715558687
TEST_0746,0.9996915261230079,0.00030847387699206585
TEST_0747,0.999806023431403,0.00019397656859698742
TEST_0748,0.999764250300233,0.00023574969976702942
TEST_0749,0.9956983778403696,0.004301622159630369
TEST_0750,0.9997038312421929,0.0002961687578071359
TEST_0751,0.9998091433603256,0.00019085663967444155
TEST_0752,0.9997822727218066,0.00021772727819335813
TEST_0753,0.99982619934087,0.00017380065912997456
TEST_0754,0.002058366588881786,0.9979416334111182
TEST_0755,0.9998057706119541,0.00019422938804591894
TEST_0756,0.9998048260411697,0.00019517395883028588
TEST_0757,0.0006961614086076224,0.9993038385913924
TEST_0758,0.9998102692506099,0.0001897307493901046
TEST_0759,0.00041872730514974887,0.9995812726948502
TEST_0760,0.999825519130792,0.00017448086920801575
TEST_0761,0.0007062924505884525,0.9992937075494116
TEST_0762,0.9997352923981907,0.00026470760180929975
TEST_0763,0.0004133368163856715,0.9995866631836143
TEST_0764,0.9996679453011145,0.0003320546988855311
TEST_0765,0.9996180754283261,0.00038192457167385285
TEST_0766,0.9997299766992648,0.0002700233007352226
TEST_0767,0.0003179616709278174,0.9996820383290722
TEST_0768,0.9996259468952313,0.00037405310476867903
TEST_0769,0.9997338786267036,0.00026612137329640184
TEST_0770,0.00020697344340719407,0.9997930265565929
TEST_0771,0.998306890649075,0.0016931093509250372
TEST_0772,0.00030964424448523884,0.9996903557555148
TEST_0773,0.002306254691916292,0.9976937453080837
TEST_0774,0.0003175105588051742,0.9996824894411949
TEST_0775,0.00031981046811498706,0.999680189531885
TEST_0776,0.9997046011548372,0.0002953988451628309
TEST_0777,0.9998146416120054,0.00018535838799460524
TEST_0778,0.00047263300527724704,0.9995273669947228
TEST_0779,0.0002581801206224567,0.9997418198793775
TEST_0780,0.9995416308999677,0.00045836910003227427
TEST_0781,0.9997934425869195,0.00020655741308051034
TEST_0782,0.9998245459302637,0.00017545406973629163
TEST_0783,0.0023415878388075716,0.9976584121611924
TEST_0784,0.007831332626409839,0.9921686673735901
TEST_0785,0.0007430353974617072,0.9992569646025383
TEST_0786,0.00030405261817178,0.9996959473818282
TEST_0787,0.9998201520852907,0.00017984791470926353
TEST_0788,0.9997707704298473,0.0002292295701527003
TEST_0789,0.0007707976631568436,0.9992292023368432
TEST_0790,0.006366975467524756,0.9936330245324753
TEST_0791,0.999794806841906,0.00020519315809397476
TEST_0792,0.9997631875342586,0.00023681246574136505
TEST_0793,0.9997641804194751,0.0002358195805248764
TEST_0794,0.9998286097925538,0.00017139020744616484
TEST_0795,0.9998098422792181,0.00019015772078190274
TEST_0796,0.999812590340995,0.00018740965900498896
TEST_0797,0.9997504412355186,0.0002495587644814057
TEST_0798,0.9998248366466319,0.00017516335336809075
TEST_0799,0.9997241302616157,0.0002758697383843378
TEST_0800,0.9997862300762473,0.00021376992375266024
TEST_0801,0.9997601987805287,0.00023980121947131394
TEST_0802,0.9998252298557908,0.0001747701442091909
TEST_0803,0.9997676297817945,0.00023237021820554649
TEST_0804,0.9998331329201472,0.00016686707985280602
TEST_0805,0.00047476279828966033,0.9995252372017104
TEST_0806,0.0007378354189460544,0.999262164581054
TEST_0807,0.9988715757330933,0.0011284242669067357
TEST_0808,0.0004367935088037271,0.9995632064911962
TEST_0809,0.0006124513687289103,0.9993875486312711
TEST_0810,0.0003829656163345358,0.9996170343836654
TEST_0811,0.9975363302574202,0.0024636697425798326
TEST_0812,0.00030678093259956576,0.9996932190674004
TEST_0813,0.9997530269373686,0.00024697306263143926
TEST_0814,0.9997996066518648,0.00020039334813515275
TEST_0815,0.9997950252223805,0.00020497477761949323
TEST_0816,0.9996919640121614,0.000308035987838573
TEST_0817,0.9997897926052479,0.00021020739475208217
TEST_0818,0.999770987769585,0.0002290122304150488
TEST_0819,0.0003933912879557409,0.9996066087120442
TEST_0820,0.9997943449284465,0.00020565507155345664
TEST_0821,0.0008088574675739641,0.999191142532426
TEST_0822,0.9998412060852899,0.00015879391471007587
TEST_0823,0.999808305589244,0.00019169441075594928
TEST_0824,0.9998038070050889,0.0001961929949111374
TEST_0825,0.00038807413265730455,0.9996119258673427
TEST_0826,0.9998303253193231,0.00016967468067685676
TEST_0827,0.9998057478239508,0.0001942521760491811
TEST_0828,0.0002855516485398108,0.9997144483514602
TEST_0829,0.00028190882448463257,0.9997180911755154
TEST_0830,0.9988095595125512,0.0011904404874487629
TEST_0831,0.0003857737577826208,0.9996142262422174
TEST_0832,0.9998215935009668,0.00017840649903322348
TEST_0833,0.9998044096353348,0.00019559036466521018
TEST_0834,0.00024967641443746205,0.9997503235855625
TEST_0835,0.00039236900882538297,0.9996076309911747
TEST_0836,0.9998109413468305,0.00018905865316953818
TEST_0837,0.0002226257809381093,0.9997773742190619
TEST_0838,0.9998171039493856,0.00018289605061438952
TEST_0839,0.9996444817748693,0.000355518225130691
TEST_0840,0.9998241925808445,0.0001758074191554604
TEST_0841,0.9998311466303429,0.00016885336965710707
TEST_0842,0.9997921671838506,0.0002078328161494447
TEST_0843,0.9998088266824287,0.00019117331757134703
TEST_0844,0.0006558320530970873,0.999344167946903
TEST_0845,0.99978819416469,0.0002118058353099972
TEST_0846,0.9997414834717632,0.0002585165282368296
TEST_0847,0.9997918225274501,0.00020817747254986418
TEST_0848,0.00034184229608164637,0.9996581577039183
TEST_0849,0.9997869877568464,0.00021301224315362077
TEST_0850,0.00039241479579044564,0.9996075852042096
TEST_0851,0.0005072681133684908,0.9994927318866315
TEST_0852,0.9998063446411313,0.0001936553588687273
TEST_0853,0.9998213823293516,0.00017861767064841771
TEST_0854,0.00018104390076089971,0.9998189560992391
TEST_0855,0.0003043225969775268,0.9996956774030225
TEST_0856,0.0005718717569397203,0.9994281282430603
TEST_0857,0.9997966199659548,0.00020338003404518634
TEST_0858,0.0003645705656502124,0.9996354294343498
TEST_0859,0.9998305658857612,0.00016943411423875343
TEST_0860,0.9998159529793457,0.0001840470206543321
TEST_0861,0.000318366434434069,0.9996816335655659
TEST_0862,0.0003531910179372313,0.9996468089820628
TEST_0863,0.00029783800184316107,0.9997021619981569
TEST_0864,0.9998328167114868,0.000167183288513173
TEST_0865,0.0004628927699576363,0.9995371072300424
TEST_0866,0.999281988302279,0.0007180116977210105
TEST_0867,0.9997217538117631,0.00027824618823690805
TEST_0868,0.00026029712488741366,0.9997397028751126
TEST_0869,0.0003113344107081792,0.9996886655892918
TEST_0870,0.00026973603426803765,0.999730263965732
TEST_0871,0.9998267745385336,0.0001732254614663642
TEST_0872,0.0001824851971353263,0.9998175148028646
TEST_0873,0.9997781239353856,0.00022187606461443465
TEST_0874,0.9998359722899263,0.00016402771007373307
TEST_0875,0.9995855366795675,0.0004144633204324899
TEST_0876,0.9997933692119936,0.00020663078800642332
TEST_0877,0.00029653690056353485,0.9997034630994365
TEST_0878,0.9995466196948802,0.000453380305119766
TEST_0879,0.00022292897176224086,0.9997770710282378
TEST_0880,0.0002109302993107749,0.9997890697006893
TEST_0881,0.000886554522953797,0.9991134454770462
TEST_0882,0.9991793856704653,0.0008206143295347301
TEST_0883,0.0005337272289526976,0.9994662727710473
TEST_0884,0.00023012667366290293,0.999769873326337
TEST_0885,0.9996480193149908,0.00035198068500919
TEST_0886,0.00024882102099751827,0.9997511789790025
TEST_0887,0.9997491534868572,0.0002508465131427773
TEST_0888,0.0002630373137300009,0.99973696268627
TEST_0889,0.9998296208832399,0.00017037911676009987
TEST_0890,0.00023861266710756846,0.9997613873328924
TEST_0891,0.9998224149949368,0.00017758500506315222
TEST_0892,0.9998116785953707,0.00018832140462932134
TEST_0893,0.9997670513403175,0.0002329486596824859
TEST_0894,0.00037184674308736286,0.9996281532569127
TEST_0895,0.9997964514608989,0.00020354853910109494
TEST_0896,0.00021170522438173598,0.9997882947756183
TEST_0897,0.999798727207756,0.00020127279224402272
TEST_0898,0.0006391924751612386,0.9993608075248388
TEST_0899,0.0003658670512814133,0.9996341329487186
TEST_0900,0.9997645569532945,0.00023544304670553018
TEST_0901,0.9997084732250533,0.0002915267749467043
TEST_0902,0.9998019874895049,0.0001980125104951158
TEST_0903,0.00032995899065953367,0.9996700410093404
TEST_0904,0.0001921828235251843,0.9998078171764748
TEST_0905,0.0002832465240098498,0.9997167534759902
TEST_0906,0.9997597439717084,0.00024025602829158554
TEST_0907,0.999808849323101,0.0001911506768990101
TEST_0908,0.0006100840258321263,0.9993899159741678
TEST_0909,0.9982961542378909,0.0017038457621091352
TEST_0910,0.00035381808114135817,0.9996461819188587
TEST_0911,0.9997485589858869,0.0002514410141131185
TEST_0912,0.9997586465929413,0.00024135340705866426
TEST_0913,0.001223292224118929,0.9987767077758811
TEST_0914,0.9997982739536377,0.00020172604636226055
TEST_0915,0.0005213381052253517,0.9994786618947746
TEST_0916,0.0007941186647489264,0.9992058813352511
TEST_0917,0.9997834033922316,0.0002165966077684045
TEST_0918,0.9997361051324507,0.0002638948675492969
TEST_0919,0.9998080106141323,0.00019198938586773018
TEST_0920,0.0005747547762088878,0.9994252452237911
TEST_0921,0.0005610081988245432,0.9994389918011755
TEST_0922,0.0003571411928385419,0.9996428588071614
TEST_0923,0.9997977481921029,0.0002022518078971247
TEST_0924,0.9997993927235449,0.00020060727645510035
TEST_0925,0.0004478479457313688,0.9995521520542686
TEST_0926,0.0005402065435558475,0.9994597934564442
TEST_0927,0.0004847236392220866,0.9995152763607779
TEST_0928,0.00026862110973841435,0.9997313788902615
TEST_0929,0.00028641466922765775,0.9997135853307724
TEST_0930,0.9997847066427814,0.00021529335721859333
TEST_0931,0.9998461999288467,0.0001538000711532872
TEST_0932,0.00033164231447555003,0.9996683576855244
TEST_0933,0.999751237340428,0.0002487626595719661
TEST_0934,0.00030571205522348846,0.9996942879447765
TEST_0935,0.0005556657817273781,0.9994443342182726
TEST_0936,0.00035478220491540674,0.9996452177950846
TEST_0937,0.9998014478854174,0.00019855211458263966
TEST_0938,0.00026174876938649924,0.9997382512306136
TEST_0939,0.0004326403600151625,0.9995673596399849
TEST_0940,0.0003254418028296615,0.9996745581971703
TEST_0941,0.9998087133556051,0.00019128664439493903
TEST_0942,0.9995008721273889,0.0004991278726110826
TEST_0943,0.00023695266351408674,0.9997630473364859
TEST_0944,0.999742033516909,0.0002579664830909545
TEST_0945,0.9997072111085271,0.0002927888914728838
TEST_0946,0.9997784517624867,0.00022154823751330266
TEST_0947,0.999759145965989,0.00024085403401097327
TEST_0948,0.9997659180621117,0.00023408193788831966
TEST_0949,0.00022988150282091485,0.9997701184971791
TEST_0950,0.9998271840435622,0.00017281595643781067
TEST_0951,0.999332900601306,0.0006670993986940266
TEST_0952,0.9997065869589441,0.00029341304105590105
TEST_0953,0.9997737085142918,0.00022629148570818547
TEST_0954,0.0002734158180377722,0.9997265841819623
TEST_0955,0.9996850715327452,0.0003149284672547825
TEST_0956,0.9998150579510429,0.0001849420489571374
TEST_0957,0.0006508674662080803,0.9993491325337919
TEST_0958,0.9998150796845947,0.0001849203154052903
TEST_0959,0.9998396575721614,0.00016034242783857788
TEST_0960,0.00027744083273913595,0.9997225591672608
TEST_0961,0.000263832389978701,0.9997361676100213
TEST_0962,0.0002096855992528408,0.9997903144007472
TEST_0963,0.9998333304705713,0.00016666952942867574
TEST_0964,0.9998395625286062,0.00016043747139382614
TEST_0965,0.0004622093195473035,0.9995377906804527
TEST_0966,0.00030787215733181863,0.9996921278426681
TEST_0967,0.00023446968346730668,0.9997655303165327
TEST_0968,0.0003298029296755343,0.9996701970703245
TEST_0969,0.00044879020192269646,0.9995512097980773
TEST_0970,0.0006431177309337737,0.9993568822690663
TEST_0971,0.9995167364543203,0.0004832635456797352
TEST_0972,0.00020519335899989283,0.9997948066410001
TEST_0973,0.00031201646423153535,0.9996879835357685
TEST_0974,0.9997864579433267,0.0002135420566733437
TEST_0975,0.0026604200959155794,0.9973395799040844
TEST_0976,0.9997207474142449,0.0002792525857551187
TEST_0977,0.00023605709342659046,0.9997639429065734
TEST_0978,0.999799796053909,0.00020020394609099323
TEST_0979,0.00029082058305015266,0.9997091794169498
TEST_0980,0.9997253519211279,0.0002746480788721195
TEST_0981,0.00034342332502158124,0.9996565766749784
TEST_0982,0.9997760530567232,0.0002239469432767649
TEST_0983,0.9997909464669713,0.00020905353302869134
TEST_0984,0.0004328451644026509,0.9995671548355973
TEST_0985,0.0003087114677604365,0.9996912885322395
TEST_0986,0.0003419536946509098,0.999658046305349
TEST_0987,0.0006713354594895743,0.9993286645405104
TEST_0988,0.00037303652280558386,0.9996269634771944
TEST_0989,0.00024074030796138272,0.9997592596920386
TEST_0990,0.00042791808253029597,0.9995720819174697
TEST_0991,0.0010145074234462696,0.9989854925765538
TEST_0992,0.9997965960899902,0.00020340391000983615
TEST_0993,0.00032912102684090725,0.9996708789731591
TEST_0994,0.9998224570687508,0.00017754293124916387
TEST_0995,0.0003320747809352134,0.9996679252190648
TEST_0996,0.0002456757934511465,0.9997543242065489
TEST_0997,0.0003675163204174789,0.9996324836795826
TEST_0998,0.999728180953293,0.0002718190467070336
TEST_0999,0.00021506406765640126,0.9997849359323436
TEST_1000,0.00023852796243858555,0.9997614720375614
